,normal,uniform,binomial
2020-01-01,0.18603410041588067,0.41057163692549914,1
2020-01-02,-2.381471652223366,0.3076879508327339,0
2020-01-03,0.25485128865852597,0.6726977311932043,0
2020-01-04,-1.6097973272974555,0.45176942761974337,0
2020-01-05,-1.071921515925178,0.9171035848371143,0
2020-01-06,0.09929723105034664,0.9978065149343699,0
2020-01-07,0.9374119711831146,0.37615632005916233,0
2020-01-08,-0.30795265233806307,0.9950500162374785,0
2020-01-09,1.394602094493992,0.6321505721139876,0
2020-01-10,-0.5698969094712196,0.8718743358948743,0
2020-01-11,1.4479146554324656,0.6364931962753205,0
2020-01-12,-1.097246017267026,0.5235981705755967,0
2020-01-13,-0.6764628435340634,0.7527345189180001,1
2020-01-14,-0.3260927689195284,0.8368752556103672,0
2020-01-15,-1.0573596103055838,0.026147391318381952,0
2020-01-16,-0.6589098977907293,0.6278099206625188,0
2020-01-17,0.08191744598546712,0.02548149489286189,0
2020-01-18,-1.0772795700603448,0.2263496672713814,0
2020-01-19,-0.528046448833252,0.994960775815681,0
2020-01-20,3.6818945594074513,0.4466796237992434,0
2020-01-21,1.3325697087399457,0.7919850227823758,0
2020-01-22,2.0091187982355354,0.02992823622563967,0
2020-01-23,1.5179078692549541,0.5748383712175635,0
2020-01-24,-0.043118060332125716,0.6370541804976159,0
2020-01-25,-1.3983629341735078,0.17120611214731452,0
2020-01-26,0.2551758925176255,0.2694898215111581,0
2020-01-27,0.21274162224342277,0.7164024379894769,0
2020-01-28,-1.9854020549940776,0.9131442516752988,0
2020-01-29,-0.6229344139101217,0.18215494650426123,0
2020-01-30,0.08317613744389908,0.8714716374413156,0
2020-01-31,-1.9416033946629088,0.4582857726435908,0
2020-02-01,0.7235472493789876,0.03083776957258688,0
2020-02-02,0.1696228011036169,0.4086608259346626,0
2020-02-03,-0.2564142429081433,0.5186918020396025,0
2020-02-04,0.43282186271915657,0.6451368969484446,0
2020-02-05,-1.5548241296150362,0.5604258851582303,0
2020-02-06,-1.5050577232486733,0.6894653441783194,0
2020-02-07,0.07056560699280257,0.8914783996198323,1
2020-02-08,-0.2953117363506298,0.29388284172548396,0
2020-02-09,-1.262104788447877,0.12913449231212837,0
2020-02-10,-0.9104885580165204,0.5626277211552596,0
2020-02-11,2.162262106737849,0.803187271954917,0
2020-02-12,-0.8706584265915475,0.6078643679012888,1
2020-02-13,-0.8218072949035102,0.7999591963985606,0
2020-02-14,-0.4048046964770452,0.6880989074440684,0
2020-02-15,0.18369154998538498,0.6210176980055737,0
2020-02-16,2.1925164105316832,0.5401792155051026,1
2020-02-17,1.0666249234986627,0.7070843552875402,0
2020-02-18,-0.03514442271030333,0.07977391443620929,1
2020-02-19,0.8942269160685816,0.1248293792223607,0
2020-02-20,0.5261858171434902,0.16986700853246695,0
2020-02-21,1.1938758375151202,0.6531659444209916,1
2020-02-22,0.3457143001250203,0.09907630717190086,0
2020-02-23,-0.24575147943240228,0.86813665175036,0
2020-02-24,-0.5238279682540001,0.3423346290681236,0
2020-02-25,1.018584444196961,0.5212025694045016,0
2020-02-26,0.5590297623916456,0.4626633361871365,0
2020-02-27,1.2891121996879744,0.25776991717229203,0
2020-02-28,-0.48327912383861077,0.4599099514276308,1
2020-02-29,2.263024410023232,0.6973098876965612,0
2020-03-01,0.337863220834773,0.119881450970996,1
2020-03-02,0.6648182563260808,0.5832100115858937,0
2020-03-03,0.18234080051962692,0.7741004058130841,0
2020-03-04,0.47091288293160305,0.05537719332939928,0
2020-03-05,-0.6431390855419028,0.2407402390225135,0
2020-03-06,0.3864845741500549,0.6201823484096012,1
2020-03-07,0.5523678079675342,0.9643610267490292,0
2020-03-08,1.0346951548155932,0.6082049815349286,1
2020-03-09,1.3783814238222254,0.8321355965089882,0
2020-03-10,0.7933943338498064,0.9045178924596354,0
2020-03-11,0.7676965890512731,0.05414731904172532,0
2020-03-12,0.02373952818590896,0.8689722624663003,0
2020-03-13,-1.2657081458523096,0.2750070598808422,0
2020-03-14,0.2297981578944234,0.4689896193157539,0
2020-03-15,3.981740703078505,0.6221085675249978,0
2020-03-16,-0.03107007204685019,0.948488358679428,0
2020-03-17,-0.9780536820543171,0.33629384302226895,0
2020-03-18,-0.9954955111033719,0.2573782639286807,0
2020-03-19,0.11766562129765626,0.10141991549061424,0
2020-03-20,2.155438650921509,0.4464369024899476,0
2020-03-21,-0.05672759456769188,0.5129458756916965,0
2020-03-22,-0.9698692439053123,0.7962000142345642,0
2020-03-23,2.25034558926916,0.5845665980620398,0
2020-03-24,-0.37633388097792053,0.013593907656303972,1
2020-03-25,-1.9060630365627367,0.26983352892399326,0
2020-03-26,1.2379830202700044,0.6774285093059784,0
2020-03-27,0.7181445277766427,0.12320199355565331,0
2020-03-28,0.3947120601820088,0.3106264456481177,1
2020-03-29,0.891920977028094,0.1670852199767583,0
2020-03-30,-0.6306688763655603,0.9998155005689887,1
2020-03-31,-0.49063976108212365,0.617428010193486,0
2020-04-01,0.8917425973472495,0.12571639143025182,1
2020-04-02,-0.7792239483769818,0.8493733016349149,0
2020-04-03,-1.3066543583346133,0.6159652283223377,0
2020-04-04,-0.9395630080294075,0.5618008334207869,0
2020-04-05,-2.68941732824114,0.2538403041734515,0
2020-04-06,1.1284642547287351,0.8340601313717932,0
2020-04-07,1.4284966862359192,0.26975175324550793,0
2020-04-08,-1.924879631783305,0.3272540754555857,0
2020-04-09,0.2035078505946051,0.5248609561732049,0
2020-04-10,-0.754982762519101,0.11641996919134967,0
2020-04-11,-0.38395861522562236,0.053558568608571666,0
2020-04-12,0.08320378557191242,0.3235823895548532,1
2020-04-13,-1.5149293532024013,0.6611635125934724,0
2020-04-14,-0.6058467399900707,0.19651623086319325,0
2020-04-15,0.1487288730278875,0.28474163358265325,1
2020-04-16,-0.33511186912700525,0.6852057702800322,0
2020-04-17,0.18808574514387685,0.16201351426217137,0
2020-04-18,0.18937534307035778,0.29721007808017774,0
2020-04-19,0.6238908373165313,0.7350183411123591,1
2020-04-20,0.775587470161628,0.024399322711894378,0
2020-04-21,0.17291400742215252,0.23236628342232368,0
2020-04-22,0.7141267425851116,0.027075919481476696,0
2020-04-23,1.6897413420539995,0.4727057304712027,0
2020-04-24,-1.0512494510320227,0.8085146127182624,0
2020-04-25,-0.7855506949472514,0.8719678891449255,1
2020-04-26,-0.033714530760880546,0.9168635892361546,0
2020-04-27,-0.4724563367037803,0.649534826772105,0
2020-04-28,1.4515174561104862,0.38084867278308543,0
2020-04-29,-0.18335082425170945,0.5811959098952655,0
2020-04-30,0.4248527885593928,0.8502108092778784,0
2020-05-01,0.13807576329945204,0.5988087137829393,0
2020-05-02,1.0799354635787397,0.5029842904783327,0
2020-05-03,0.6206954076479706,0.5516367596111642,0
2020-05-04,-0.7036797452553657,0.3961798380762841,0
2020-05-05,0.6242938223154857,0.36576688967178583,0
2020-05-06,0.3477993454915959,0.8354562147016693,0
2020-05-07,0.5007580334642331,0.730384248535212,0
2020-05-08,0.6748560858373371,0.21975624624895984,0
2020-05-09,-0.024812745493936514,0.8501282292894196,0
2020-05-10,1.0980483946119934,0.36228700402623004,1
2020-05-11,1.0502011379141911,0.02320708263427007,0
2020-05-12,1.297330647740016,0.47746117210251815,0
2020-05-13,2.0974126732641816,0.4347008730623816,0
2020-05-14,1.3059149849239124,0.5828178003496042,1
2020-05-15,1.0766224091476124,0.8453012009856319,1
2020-05-16,-0.2516419014644999,0.4487413574747898,0
2020-05-17,-1.7305075840571864,0.5773381024128507,1
2020-05-18,-0.5173311468204499,0.6443090348516647,0
2020-05-19,-0.6419753895218121,0.6027776941688722,0
2020-05-20,-0.43637524384909254,0.031220129217967685,0
2020-05-21,0.7543234393181105,0.4075681096880076,0
2020-05-22,1.1584749918696033,0.518042950328256,1
2020-05-23,-0.05208341472986404,0.6840041481243854,0
2020-05-24,0.3268591015037925,0.9922902903065601,0
2020-05-25,-0.024556016517078293,0.06831320466523083,0
2020-05-26,0.5709252268978988,0.8874072822990894,1
2020-05-27,-0.39854470322916097,0.7349471453810963,0
2020-05-28,1.702713330837206,0.18840392569567432,0
2020-05-29,1.1723853051599156,0.6685400440293624,0
2020-05-30,0.7084650553641841,0.2230374743314677,0
2020-05-31,1.1112828811696072,0.8516973634909425,0
2020-06-01,-0.06808775506044268,0.1421365607941757,0
2020-06-02,-0.4770677881718865,0.5080254847921106,0
2020-06-03,0.1257572419830239,0.2321649529667934,0
2020-06-04,-0.08845274574470238,0.7967863255744744,0
2020-06-05,0.09053639952192391,0.3606297439701466,0
2020-06-06,-0.8195786544997433,0.6424558507619592,0
2020-06-07,-0.7079170635423596,0.010254175154274514,0
2020-06-08,-0.9534450549300846,0.5219450472019447,0
2020-06-09,-0.10510305351169102,0.11964517236528072,1
2020-06-10,-0.5645478933245522,0.918182602288137,0
2020-06-11,0.2298648495666059,0.8997284010626221,0
2020-06-12,-0.2860641260755898,0.2467718889573015,1
2020-06-13,-1.8190818750308788,0.3396839748371505,0
2020-06-14,1.1601721429343055,0.7384559317374686,1
2020-06-15,-0.18962591013904018,0.7314954981949817,0
2020-06-16,-0.19382930127295342,0.09197685669561129,0
2020-06-17,-0.9957171536999398,0.09421325723010954,0
2020-06-18,-0.8930160997314445,0.61007866923311,0
2020-06-19,0.09031603261966997,0.04345977195494477,0
2020-06-20,-1.313027494557157,0.4099730615369379,0
2020-06-21,0.9049850419095453,0.9723349208624661,0
2020-06-22,-1.698424964596164,0.5833525272250046,0
2020-06-23,0.5073719961610034,0.40889160819056125,0
2020-06-24,0.8293225639474259,0.37254108031695443,0
2020-06-25,1.3408561440023166,0.8101337278465824,0
2020-06-26,-1.2864763048093548,0.25958082633128177,0
2020-06-27,-0.5396339942594056,0.7225941604984119,1
2020-06-28,-0.9235447285654486,0.5223195243866028,0
2020-06-29,-1.3520972921480214,0.6063179055392163,0
2020-06-30,2.0313333438747976,0.7149518805335271,1
2020-07-01,0.3968419941189321,0.9683909226893131,0
2020-07-02,-0.942270732428523,0.5849786513097873,0
2020-07-03,-0.5751006505933897,0.7589214568113307,0
2020-07-04,0.46052341769082417,0.05540681971024963,0
2020-07-05,-0.08356114600451976,0.6728687447522408,0
2020-07-06,1.4122803570942173,0.6265156028446054,0
2020-07-07,-2.77370166331909,0.9889176532342479,0
2020-07-08,0.16997471277412063,0.3504207142156226,0
2020-07-09,0.4474461401980602,0.7606715820463748,1
2020-07-10,0.022465209850139046,0.3678597129762069,0
2020-07-11,0.17195800769947395,0.374019366077359,0
2020-07-12,0.02584882225720857,0.8222939705060145,0
2020-07-13,0.28106979468592314,0.4526287357899914,0
2020-07-14,1.6433703218751208,0.9779673868998122,0
2020-07-15,-0.17168622195971878,0.6876671114761851,0
2020-07-16,-1.0568448682694092,0.2869157393186197,0
2020-07-17,0.07081881189817381,0.7850321520131631,1
2020-07-18,-0.5385711880981123,0.7456081819718676,1
2020-07-19,-1.2941264483999855,0.29919008858722884,0
2020-07-20,1.5377365809340373,0.5975588947980368,0
2020-07-21,0.4285828397027219,0.5682494763384316,0
2020-07-22,1.5438881078316813,0.9698913400172665,0
2020-07-23,0.7477109749266808,0.5964453615487507,0
2020-07-24,0.1335477005893986,0.47518420320825894,0
2020-07-25,-0.18442831515620403,0.09608165635363497,0
2020-07-26,-0.13778558934434323,0.18943429577480708,0
2020-07-27,1.7047084377431392,0.9771446616842886,0
2020-07-28,0.20052207459674068,0.4730507157656567,0
2020-07-29,-0.13567330093376756,0.6609841702819522,1
2020-07-30,-0.2728740514910946,0.19264233600391356,0
2020-07-31,0.5492721375243824,0.44623448366279594,0
2020-08-01,-0.8947616775180529,0.17675925493031985,0
2020-08-02,-0.8781563112575993,0.7260154072467442,0
2020-08-03,0.3662200203342023,0.896217477105941,0
2020-08-04,-0.7396841928852756,0.717659532276424,0
2020-08-05,0.42407658965368983,0.9731601983318676,1
2020-08-06,1.8787405844659235,0.7926054089185768,0
2020-08-07,-0.490480387479971,0.06243985354830417,0
2020-08-08,0.48813943772903634,0.9423856008651598,0
2020-08-09,0.9216620389351102,0.42694738455912273,0
2020-08-10,1.3545925283329665,0.2662485983629562,0
2020-08-11,-0.261165405650755,0.36030115994424694,0
2020-08-12,-0.9362161713036682,0.1684703771132262,0
2020-08-13,1.3803648509268218,0.362153992936707,0
2020-08-14,-0.15894498116174427,0.13400829665512015,1
2020-08-15,0.07157803683903087,0.3876016587526121,1
2020-08-16,1.3500944009855884,0.25349023393192494,1
2020-08-17,0.40862421653870734,0.8124940186179518,1
2020-08-18,0.03981531270884847,0.41986747524132206,0
2020-08-19,-0.7272719061021997,0.20365125862889188,0
2020-08-20,0.12646553417676035,0.28914584155053047,0
2020-08-21,-0.05185424683716198,0.18052326299136612,0
2020-08-22,-0.4312673688020829,0.06525063037372558,0
2020-08-23,0.16196833645431827,0.994901693367289,0
2020-08-24,0.8389700031516397,0.10730807179211399,1
2020-08-25,-0.8760611347534685,0.004811056571645267,0
2020-08-26,-0.4820964224215552,0.359323906035276,0
2020-08-27,-2.0560283222870757,0.9608546720552633,0
2020-08-28,-0.2972872662141875,0.9727843297195493,0
2020-08-29,2.046136740272691,0.056086173128337635,1
2020-08-30,0.45143302637249755,0.7951940592930501,0
2020-08-31,1.3085955742434678,0.10241519619224193,0
2020-09-01,0.3262224526179016,0.5190521569854908,0
2020-09-02,-1.7779146583598089,0.05737808845724901,0
2020-09-03,-0.23514743587499587,0.35010763247777243,0
2020-09-04,0.16806931916364454,0.9045418366318572,0
2020-09-05,-0.267878652561016,0.2418866535481069,0
2020-09-06,-0.6841113322488804,0.24874423636560417,1
2020-09-07,0.3091831910655445,0.2575429039393379,0
2020-09-08,-3.205651939463541,0.3370659038344296,1
2020-09-09,0.4533013307879456,0.6261698050393394,0
2020-09-10,-0.5924597383207598,0.10805909180153617,1
2020-09-11,-0.3845295904171699,0.68102389961204,0
2020-09-12,-0.38336625440508304,0.9551233953481255,1
2020-09-13,0.35310023198492085,0.7223244662490496,0
2020-09-14,-1.161699138632759,0.17610605231420018,1
2020-09-15,0.6810906378612619,0.8252157333672684,1
2020-09-16,-1.63225537342145,0.4136707792387265,1
2020-09-17,0.27806176758833345,0.6600604485802537,1
2020-09-18,-0.43926372286603516,0.5839494927045286,0
2020-09-19,0.20761661702499515,0.9022660089335056,0
2020-09-20,0.1399661319771845,0.8878119411686943,1
2020-09-21,0.45525791490113254,0.6027543796180651,0
2020-09-22,0.9770421524091946,0.8322460455645715,0
2020-09-23,-1.0041905567585088,0.9214557053231424,0
2020-09-24,-0.6072433408625353,0.790473663646006,1
2020-09-25,0.9138485830608416,0.15371510261398458,0
2020-09-26,0.812086164868385,0.4651107316257178,0
2020-09-27,0.36693545208975736,0.35201022025512296,0
2020-09-28,0.5450121447223232,0.33998485558923286,0
2020-09-29,-0.4399443450126295,0.14346748013292954,0
2020-09-30,-2.0514282015283323,0.5823320148687313,0
2020-10-01,0.7848797324341344,0.11460642191744386,0
2020-10-02,-0.5043643193643668,0.7539186385128328,0
2020-10-03,-0.7356049226674953,0.6510509114936183,0
2020-10-04,-0.6688542036824862,0.9244719754967222,0
2020-10-05,-0.23769158356564915,0.1458784734851094,0
2020-10-06,-0.33779473880981836,0.5014051749104673,1
2020-10-07,-0.7822280093432002,0.8575540965640491,0
2020-10-08,-0.49392888915865507,0.1108811122926403,0
2020-10-09,-0.26917110243367287,0.14220393420054867,0
2020-10-10,-0.8670942255125379,0.6785882966450526,0
2020-10-11,0.21159669661935634,0.025126178524811027,0
2020-10-12,-1.496198014966516,0.7231449145011019,0
2020-10-13,-1.1679733800944478,0.4312504499795117,0
2020-10-14,0.13048160242625806,0.5681339035546142,0
2020-10-15,0.26836694401312033,0.45823714950588,0
2020-10-16,0.6889988354195141,0.4219796731506351,0
2020-10-17,-0.905053832940345,0.01853461117734534,0
2020-10-18,0.6493420447269305,0.14001120853377247,0
2020-10-19,0.7268120829341065,0.10792340225069363,0
2020-10-20,0.10340200244838407,0.2017008709430662,0
2020-10-21,0.5386640690699904,0.2987633497241349,0
2020-10-22,1.0682225091038107,0.5617559931777876,0
2020-10-23,-1.0267850183969442,0.9346919890610044,0
2020-10-24,0.32939340501384423,0.8486572243862583,0
2020-10-25,0.2433175071776065,0.8255346110670034,0
2020-10-26,0.8421619508615135,0.7275008995393373,0
2020-10-27,-0.8866711470979352,0.6060088873871242,1
2020-10-28,-0.8006682115645167,0.6149647937248409,1
2020-10-29,-0.6245986585984326,0.128930447863553,0
2020-10-30,-0.655351782620855,0.8494480376376232,1
2020-10-31,0.9029019374799163,0.34902857664949427,0
2020-11-01,0.33883631341966136,0.308586371529198,0
2020-11-02,-0.46481585503371914,0.6887379984400271,0
2020-11-03,0.4322617621801492,0.25696483799653513,0
2020-11-04,-2.0170405384472985,0.6792812029519104,0
2020-11-05,0.053802793454677096,0.4485158241817422,1
2020-11-06,0.903582238268058,0.8910313696748752,0
2020-11-07,-1.8184091621796832,0.5690638282601614,1
2020-11-08,0.04956739868602209,0.02426594443678487,1
2020-11-09,-0.4026602123176857,0.8799956481580457,0
2020-11-10,0.4476827777967986,0.13039699848097197,0
2020-11-11,-3.052292922995897,0.16981743920366987,1
2020-11-12,0.42469460016685723,0.37416146119495897,0
2020-11-13,0.1541263253185711,0.25689568881374336,1
2020-11-14,0.0018714966031023693,0.760835605475845,0
2020-11-15,0.084261445980602,0.632633434336796,0
2020-11-16,0.46742258887728694,0.8037754604916065,0
2020-11-17,-1.3591593312184518,0.3399170798033073,0
2020-11-18,-1.2422049258909094,0.8519446759667425,0
2020-11-19,0.5734226527961412,0.4724214243040795,0
2020-11-20,-1.6375515449806302,0.771419063926262,0
2020-11-21,-0.14765147992688066,0.9061779382231856,0
2020-11-22,-0.7187078654048392,0.3436805573556845,0
2020-11-23,0.041201021808362645,0.21960313607001436,0
2020-11-24,0.019257025209885835,0.33697354754305264,0
2020-11-25,0.5928207968228284,0.2962068822397763,0
2020-11-26,-0.07412747578951495,0.2968339412471013,0
2020-11-27,-0.15115363575795512,0.7131396666539687,0
2020-11-28,-0.000492236330680265,0.9759204341423672,0
2020-11-29,-0.12908655879272377,0.5507754376491174,1
2020-11-30,-1.2598516885000235,0.6452835575619029,0
2020-12-01,-1.1772177288631351,0.2719267091994544,0
2020-12-02,1.876346437888409,0.5499826073787933,0
2020-12-03,1.0842352658118666,0.49774562508381737,1
2020-12-04,-0.5271621299998358,0.775549802162562,1
2020-12-05,1.2109105619957476,0.7264383236580338,0
2020-12-06,-0.5527532382180087,0.3164491572832152,0
2020-12-07,0.581989219946063,0.6943207093873142,0
2020-12-08,0.7821275063404542,0.3007492924793995,1
2020-12-09,-0.33733301781450364,0.35659472003833537,0
2020-12-10,0.017651485979132707,0.2899047330279707,0
2020-12-11,1.2811199539550773,0.17712300392070168,0
2020-12-12,0.4656874446255448,0.937502331747099,0
2020-12-13,1.4058950440994897,0.25082097989144925,0
2020-12-14,-1.882977197136607,0.12176073183878333,0
2020-12-15,-0.7329419135484619,0.6708207892323521,0
2020-12-16,-0.15952254931400664,0.5549137839871827,1
2020-12-17,-1.1476638109581625,0.8383559113810185,0
2020-12-18,0.15890994412286955,0.23108676029542108,0
2020-12-19,0.49039103269842926,0.8772843478195207,0
2020-12-20,0.7431863544985251,0.1019756708391194,0
2020-12-21,-1.7926177486052914,0.7865093121407704,0
2020-12-22,0.25100040373318366,0.535410811912151,0
2020-12-23,0.18663570220366968,0.000774509641629173,0
2020-12-24,1.0464875542247878,0.345287559220264,0
2020-12-25,1.151819861396297,0.5753806169532093,0
2020-12-26,0.6610941018751907,0.7915799750163325,0
2020-12-27,1.1178015405727688,0.7840266476319081,0
2020-12-28,1.4378047247256172,0.06338778685312696,0
2020-12-29,-0.014157686833090929,0.6459284273717224,0
2020-12-30,-0.03908847098221169,0.6252812056831731,0
2020-12-31,1.242621907337341,0.09192814471853761,1
2021-01-01,1.964920914390535,0.3028306675393301,1
2021-01-02,-0.6467246036154402,0.5237270567803858,0
2021-01-03,1.95690298565023,0.39971610112173905,0
2021-01-04,0.3854724201168569,0.5607883598053978,0
2021-01-05,1.2362202795064894,0.7080206917150748,0
2021-01-06,1.367430897521355,0.7679097630069115,0
2021-01-07,-0.6972124308530607,0.47006373698385084,0
2021-01-08,-1.2243986420590276,0.04786043160127351,0
2021-01-09,0.5510151051918348,0.8898459694554597,1
2021-01-10,0.23456501446421163,0.2692304329276757,1
2021-01-11,0.0035089711159587964,0.2154568568660461,0
2021-01-12,0.2544035720471969,0.27516217705466994,0
2021-01-13,0.5917683672871391,0.8190003714170833,0
2021-01-14,0.1090343559215284,0.531771107553631,0
2021-01-15,-1.1740281074086938,0.3361381473921323,0
2021-01-16,0.3018999495271204,0.8030928563487431,1
2021-01-17,1.6704460621749297,0.29438434168478655,1
2021-01-18,0.93041224609494,0.5262713966462265,0
2021-01-19,0.8653273255455626,0.2831888955249581,1
2021-01-20,-1.9014784239021612,0.5540512394620556,0
2021-01-21,-1.0023328874137531,0.9855360170648055,0
2021-01-22,-1.3297573202884685,0.7589294081539267,0
2021-01-23,0.9434175153316702,0.43577977895448594,0
2021-01-24,1.4661980274475548,0.5413143841298497,1
2021-01-25,-0.3598057852698549,0.3036371791911111,0
2021-01-26,-0.9271802950799589,0.9333858824440748,1
2021-01-27,0.0017755821224140788,0.23475382683871382,0
2021-01-28,1.3519892436898973,0.1615130471042121,0
2021-01-29,0.7672576766482767,0.3152857027442372,0
2021-01-30,-0.35165632764547444,0.3531009084126061,0
2021-01-31,-1.3325592106554007,0.7123774577262658,0
2021-02-01,0.025041411346340824,0.7837240867327442,0
2021-02-02,0.2783339102688716,0.1420735441826192,0
2021-02-03,-0.4042759162714607,0.18821409796766642,1
2021-02-04,-1.3407060946787508,0.9068500643230218,0
2021-02-05,-0.49683195072380354,0.22981855612601454,0
2021-02-06,-0.8046659105406364,0.6833199580349638,0
2021-02-07,0.6175052196779429,0.7917045181372149,1
2021-02-08,0.2645041476867781,0.6289194515802625,0
2021-02-09,0.329647254392083,0.8793502864009465,0
2021-02-10,1.057309780558947,0.020745480268628103,0
2021-02-11,-0.18783660762226911,0.8902323507537427,0
2021-02-12,0.5804843738388575,0.20713618237958742,1
2021-02-13,0.04462999104389965,0.04367573105143652,1
2021-02-14,0.5799204742869333,0.7377543145547456,1
2021-02-15,-0.2173207563087159,0.8405720755955314,0
2021-02-16,1.0859215678189036,0.1398481793589199,1
2021-02-17,-1.2741024483712315,0.7599162026122956,0
2021-02-18,1.0711134626696532,0.8311709052433311,1
2021-02-19,0.2755428825782134,0.36865789303425756,0
2021-02-20,-1.1226595182066421,0.2935777176551656,0
2021-02-21,1.343484528328923,0.7857781743117811,0
2021-02-22,-0.02001715088250656,0.13471729686122613,0
2021-02-23,-0.6202304668532042,0.4629589031261543,0
2021-02-24,-0.035376401720534696,0.830800695871892,0
2021-02-25,-1.108418929378546,0.6521961016090168,0
2021-02-26,-0.7914401073545936,0.9368611789191665,0
2021-02-27,1.5950391508216686,0.7086591445237055,0
2021-02-28,0.5652230832956933,0.6718510010362847,0
2021-03-01,-1.1196019044122305,0.019168072018062587,0
2021-03-02,1.9881004531787956,0.07228869475702226,1
2021-03-03,1.8003755328369029,0.12795873717272832,1
2021-03-04,1.2355364788984835,0.9127299137142844,0
2021-03-05,-1.2731847758276846,0.041473808420107394,0
2021-03-06,-0.7273936579230591,0.05985209122964896,0
2021-03-07,1.2925442164810663,0.15499980762573606,0
2021-03-08,0.3504612558310752,0.9524747162480668,1
2021-03-09,1.2320322661449,0.9491193288885358,0
2021-03-10,-0.6241822435888476,0.7087008233243934,0
2021-03-11,-1.190149671143676,0.25476787964288705,0
2021-03-12,1.43484092671036,0.35615193202382533,0
2021-03-13,-0.9257283025374092,0.8509212347868529,0
2021-03-14,0.5277678333856319,0.5359146360991114,0
2021-03-15,0.20706995895080477,0.5711397042153363,0
2021-03-16,-0.36304012108411654,0.03146772042341661,0
2021-03-17,0.6704473487076725,0.6557756132279685,1
2021-03-18,-0.20205751062372576,0.2790935126614793,0
2021-03-19,-1.3878552775890725,0.4376207058784847,0
2021-03-20,0.07243952582955439,0.8792132465506768,0
2021-03-21,-0.6931664477609011,0.7288845491767152,0
2021-03-22,-0.4397442300620589,0.5659157069389368,0
2021-03-23,0.09404551734586046,0.7695989758107307,0
2021-03-24,-1.322684224023689,0.5194122386466187,1
2021-03-25,-0.02859355782996422,0.9662548804509248,0
2021-03-26,-1.3535854031072108,0.6105118504333507,0
2021-03-27,-2.0073443395342747,0.749379679858168,0
2021-03-28,-0.5210438952761972,0.430350961193521,0
2021-03-29,0.6490754363114096,0.77533711072712,1
2021-03-30,1.2640662077379285,0.8754662733390869,0
2021-03-31,0.19754369012797635,0.8796478887119247,0
2021-04-01,2.1215037596807442,0.3178583382252571,1
2021-04-02,-0.11982499750330249,0.6191827887644106,0
2021-04-03,-1.4309669403610448,0.8299045179622405,0
2021-04-04,1.0425687669105754,0.3488712252023065,0
2021-04-05,0.37048424181080153,0.892678553519131,0
2021-04-06,1.3275812410385976,0.08022263335321167,0
2021-04-07,-0.8265700836101675,0.8746240689943464,0
2021-04-08,0.11992064244698822,0.8297627021758676,0
2021-04-09,0.7535984016760789,0.5951741430925583,0
2021-04-10,0.010387109990206384,0.038529473729400965,0
2021-04-11,-0.18393156030740004,0.19434449429028178,0
2021-04-12,-1.3871516438119453,0.29680838944445653,0
2021-04-13,0.4864444169321615,0.4605377061359114,1
2021-04-14,-1.0022857519919732,0.45618373675124,0
2021-04-15,-0.5752847519256203,0.7020810622082603,0
2021-04-16,0.7013977455837944,0.42517950030740725,0
2021-04-17,1.2311432473607693,0.46457081500880326,0
2021-04-18,-0.9986533353114749,0.3291380972724929,0
2021-04-19,-0.22159555544614098,0.6996411170050775,0
2021-04-20,-0.03806334026018294,0.7108722276351734,0
2021-04-21,-0.16353572870497468,0.20887682709139643,0
2021-04-22,0.5577262546134427,0.7965716614042712,1
2021-04-23,-1.099176561338724,0.12639183342680782,0
2021-04-24,1.1469850022812513,0.054870245447719346,0
2021-04-25,0.6040800913455118,0.3796703523539551,0
2021-04-26,-0.7959094359592453,0.2131453973441234,0
2021-04-27,0.06466224764456775,0.9757861989621714,0
2021-04-28,0.014393172594100848,0.2758830611248143,0
2021-04-29,-0.7697900497851272,0.047543839996257,0
2021-04-30,1.424458295953836,0.9644939588148048,1
2021-05-01,-0.34713296814501404,0.0053354960316842615,0
2021-05-02,0.805056260068501,0.7653767360477706,0
2021-05-03,0.16963421797877518,0.15083185805927302,0
2021-05-04,-1.3850305911386673,0.005948598720907472,0
2021-05-05,1.2134196504090051,0.16070380437535892,0
2021-05-06,-0.12241705307401896,0.45931383005417437,0
2021-05-07,1.253685865933012,0.858818519056398,0
2021-05-08,0.7230337891868701,0.4232345213642651,0
2021-05-09,-0.7616826965848108,0.6299921004378137,0
2021-05-10,0.37705304205570955,0.44430204138097495,1
2021-05-11,1.1706595698089375,0.28498221186640316,0
2021-05-12,-1.1317556368357125,0.29803550693373004,0
2021-05-13,-0.8245338984329973,0.6563783537894163,1
2021-05-14,-1.2850749744496497,0.2825312188556165,0
2021-05-15,0.6819946582537149,0.8264049446823198,0
2021-05-16,0.7623472157542391,0.814431515165587,0
2021-05-17,0.26870616007348175,0.13280897912268064,0
2021-05-18,-0.1746241864410469,0.9338047122319167,0
2021-05-19,-0.46155901207366784,0.6535072960930466,0
2021-05-20,-1.2442820365032703,0.030579847591245435,0
2021-05-21,-0.12676577776684447,0.354066745213111,0
2021-05-22,-0.400526613225172,0.4590144088419341,0
2021-05-23,-0.024538927562016043,0.2788284208370245,0
2021-05-24,0.38405721374271756,0.11846946665082114,0
2021-05-25,0.41834942436449246,0.8359585963998033,0
2021-05-26,0.3285073478274397,0.6892881673194993,0
2021-05-27,0.7204735973318808,0.509820114533343,0
2021-05-28,-0.060305580300658454,0.46785558131205507,0
2021-05-29,-0.13411763624415546,0.4970096954054056,0
2021-05-30,-0.6491820686594962,0.2055377603900762,0
2021-05-31,1.4821722898129184,0.955984964591143,0
2021-06-01,0.36295132871491337,0.13466973845940267,0
2021-06-02,-0.06887118197234686,0.9583606254192794,0
2021-06-03,-0.3833443485235528,0.5382986276431194,0
2021-06-04,2.668404996028995,0.4634281713609447,0
2021-06-05,0.684881774337124,0.2939661310327808,0
2021-06-06,0.7025257111980937,0.7144944105533749,0
2021-06-07,0.42016427950781204,0.38711123543752335,1
2021-06-08,-0.7024704331257862,0.11565832435976287,0
2021-06-09,1.78292640675551,0.12057980546210934,1
2021-06-10,1.6808702429056919,0.9840904623087163,1
2021-06-11,1.329693890199664,0.4987403127451655,0
2021-06-12,0.17830362755704954,0.5820732191277814,1
2021-06-13,0.8484841882195925,0.6128765742446641,0
2021-06-14,-0.8378920725787052,0.5428590925688761,0
2021-06-15,-0.3000779132943139,0.43975746545438865,0
2021-06-16,0.1894800490114016,0.44935127781046724,0
2021-06-17,1.4509324933280516,0.951024438984807,0
2021-06-18,1.1121478865029946,0.18398971361040883,0
2021-06-19,-1.6211066885349212,0.7431858179035028,1
2021-06-20,-0.7837481835254686,0.7339112886766519,0
2021-06-21,-0.6690867262469987,0.329612500448602,0
2021-06-22,0.5229122451291524,0.8475075468382763,1
2021-06-23,-0.45187670409227887,0.7217722432867419,0
2021-06-24,1.4753789708813476,0.6715593641233892,0
2021-06-25,-1.3300018538205414,0.6917140886139167,0
2021-06-26,-1.0267460683709015,0.47013744856176165,0
2021-06-27,-0.09144461296227159,0.2621443597497749,0
2021-06-28,-0.5724083684056758,0.7827170784398094,0
2021-06-29,0.47962986180900663,0.6092236687019233,1
2021-06-30,0.056652052044084786,0.6968734897683435,0
2021-07-01,-1.8418363191380733,0.30798937306726004,0
2021-07-02,1.4649683277162497,0.8178476589855724,0
2021-07-03,-1.2708233495319574,0.30503009505369827,0
2021-07-04,0.7496618112175105,0.09979543014243086,0
2021-07-05,-0.46167174636814384,0.500877181507403,0
2021-07-06,0.655923409802967,0.2926973122082672,0
2021-07-07,0.18731537486365185,0.990336349943101,0
2021-07-08,-1.0470307300049095,0.6882340450249931,0
2021-07-09,-0.22422604449602737,0.8608376718235298,1
2021-07-10,-1.398858443949774,0.8511791304130808,0
2021-07-11,-1.5758520086880576,0.795638726264456,0
2021-07-12,0.044883675125267364,0.5028808617965764,0
2021-07-13,0.1654610556435816,0.5362883673021365,0
2021-07-14,0.014561460398747074,0.925247264332305,0
2021-07-15,1.516366136311386,0.29535243811257195,1
2021-07-16,-0.42903152683565093,0.5954807528749295,0
2021-07-17,0.47114058562529654,0.9209401058281067,0
2021-07-18,1.0153479158678977,0.08111618886293104,1
2021-07-19,0.1647298114337052,0.3045320737079785,0
2021-07-20,-0.5604415824951964,0.9234562535555012,0
2021-07-21,-1.5628248178315562,0.6135458983937851,1
2021-07-22,0.18575395559575344,0.006617615825903145,0
2021-07-23,-1.9275483606397452,0.5399645493371608,0
2021-07-24,0.17094358074857388,0.4314825766237116,0
2021-07-25,-0.1320357528345966,0.24653871178048403,0
2021-07-26,0.8759340471226227,0.6360860054748216,0
2021-07-27,0.069400547209439,0.9884290254064768,0
2021-07-28,0.21661370939767025,0.19574479032046066,1
2021-07-29,0.7127814559780856,0.5585791772218084,0
2021-07-30,1.6124497336290722,0.22423965719048544,1
2021-07-31,2.8875467948636597,0.7962561436480978,0
2021-08-01,0.2905087694023504,0.43877436917041746,0
2021-08-02,-0.0611312520834338,0.22989462282356343,0
2021-08-03,1.3097558072354585,0.6952184869603424,0
2021-08-04,-1.3456816723134832,0.4181473511510153,1
2021-08-05,-2.0937610756751743,0.015683964111741444,1
2021-08-06,-2.20716152604374,0.1620706397910462,0
2021-08-07,-1.017895302509343,0.49310620843942243,0
2021-08-08,-0.1586469356281651,0.11135222568156067,1
2021-08-09,0.4875476589702752,0.6684573544279728,0
2021-08-10,1.738982860584606,0.6823864034610245,0
2021-08-11,0.4373614297549343,0.17620974111901677,0
2021-08-12,0.7628843790477539,0.6144601024924935,0
2021-08-13,-0.3831356963288681,0.8755351719445528,0
2021-08-14,-0.22986591387002,0.69786824207524,0
2021-08-15,-0.5209633694515529,0.2725566872178654,0
2021-08-16,-1.0611320366259844,0.2558341296323695,0
2021-08-17,-2.6791955882023366,0.570320072945818,0
2021-08-18,0.247201200205862,0.8546388633109805,0
2021-08-19,0.04689927669842758,0.8451552496895289,0
2021-08-20,0.29391130271580224,0.9303467460579238,0
2021-08-21,-0.6056937287351107,0.8417548684406257,1
2021-08-22,-0.8611014297992009,0.5121747388801594,0
2021-08-23,-1.75485018211791,0.1462677549227971,0
2021-08-24,-0.3661318834133265,0.44667520240163094,0
2021-08-25,0.9599035511302579,0.6339026372432848,0
2021-08-26,0.3483341894105599,0.5195254967974794,0
2021-08-27,-0.351232850336137,0.7344127734396234,0
2021-08-28,0.66663767095297,0.3529366382576029,0
2021-08-29,-0.17288991965186468,0.4425595573474649,0
2021-08-30,-0.014461069224490052,0.8179021703010447,0
2021-08-31,0.3700965206735345,0.6750888007109844,0
2021-09-01,-0.10657707777791096,0.993318996261025,0
2021-09-02,-0.5242090264294783,0.16507394353571148,0
2021-09-03,-0.22551841771308834,0.8130644490204332,1
2021-09-04,1.1323118127557892,0.5627402180149115,0
2021-09-05,1.5486358687432327,0.82656781346633,0
2021-09-06,-0.79116588443705,0.5402494079566315,1
2021-09-07,1.2027092711897684,0.9800002758290032,0
2021-09-08,-0.3100731058192434,0.18269905016204158,0
2021-09-09,0.7083812113103066,0.34146905455915944,0
2021-09-10,1.1761035566585694,0.4013973850995761,0
2021-09-11,0.5224472445110303,0.740100741505965,0
2021-09-12,-2.071765240721306,0.6532855272033454,1
2021-09-13,-0.5759944611952804,0.42496836433449203,0
2021-09-14,1.4540358756166267,0.6701610758812987,0
2021-09-15,0.5983990821224888,0.7493872561567759,0
2021-09-16,-0.45901560744263376,0.1464156242157042,0
2021-09-17,1.1051625392129234,0.010322599328138837,0
2021-09-18,-0.1968909580313314,0.6085699452588933,0
2021-09-19,0.9234547330143926,0.3089522046026679,0
2021-09-20,-2.715325468699856,0.971418245703164,0
2021-09-21,0.5172050220358654,0.9280265574035336,0
2021-09-22,-1.005495071608151,0.37569718578676214,1
2021-09-23,0.045879521515826596,0.6681391951298937,0
2021-09-24,-2.8583120916387466,0.5734953210351089,0
2021-09-25,1.1268081776233876,0.3614929524903858,1
2021-09-26,-1.632135531650304,0.6761504286409743,0
2021-09-27,-0.186245765498701,0.06143084822492262,0
2021-09-28,1.2241479139713232,0.42879528178558657,0
2021-09-29,-1.404624253400382,0.6334355258640135,0
2021-09-30,0.5656102751235321,0.36786396446294,1
2021-10-01,-0.2777556256589519,0.6790432508316492,0
2021-10-02,-0.8862384306661856,0.27715530975827074,1
2021-10-03,-0.8187884893070825,0.46137638231609346,0
2021-10-04,0.6375105604719731,0.8622821128534452,0
2021-10-05,4.0724564525712506,0.1661205233777452,0
2021-10-06,0.6321667739572019,0.019796991925255192,0
2021-10-07,1.6801257575039992,0.774366087059986,0
2021-10-08,-1.334602219326449,0.6114305705293825,0
2021-10-09,-0.18898660771387304,0.8107200879489083,0
2021-10-10,-0.5036097721218105,0.18072425762926392,0
2021-10-11,1.387852733684886,0.67406826142191,0
2021-10-12,-1.2390296230885756,0.9870043220467419,0
2021-10-13,-1.6741052135256844,0.4447397669120482,1
2021-10-14,-1.498294744394907,0.8743508889498726,0
2021-10-15,0.4501500337660015,0.6032584450543317,0
2021-10-16,1.0879044361327725,0.8022343770150088,0
2021-10-17,0.714875142491857,0.25901362832958863,0
2021-10-18,0.9232063698559831,0.6624420166549998,0
2021-10-19,-0.6521590010800553,0.5903041691560228,0
2021-10-20,-1.136235030142811,0.33759073113985816,0
2021-10-21,-0.5063381429742456,0.6854566171013938,0
2021-10-22,-0.45025603794245195,0.30895166471114577,0
2021-10-23,-0.587269984603347,0.2717162598059498,0
2021-10-24,0.4657485006382567,0.08846019042472131,0
2021-10-25,-1.2117129177487076,0.9680200000596368,0
2021-10-26,-1.245203730933621,0.9862417156295248,0
2021-10-27,-1.2815321090178258,0.273604908301302,0
2021-10-28,0.9771263703404521,0.5544426585455541,0
2021-10-29,-1.0249085227762882,0.8868396811645469,0
2021-10-30,-0.039782121438476044,0.8858290738850559,0
2021-10-31,0.0941610970226438,0.5444341428909747,1
2021-11-01,-1.1184773414802358,0.374151378305121,1
2021-11-02,0.15712230098522323,0.5271620351391573,0
2021-11-03,-1.6374111592732874,0.6475956101626084,0
2021-11-04,-0.3738300744566978,0.826752118626608,0
2021-11-05,0.7480626842007326,0.4022552685917917,0
2021-11-06,-1.8328484072266515,0.8914254951464594,0
2021-11-07,-0.25475723266226186,0.7476870459896107,0
2021-11-08,-0.0795590894718956,0.8746919333903141,0
2021-11-09,1.6051839432763921,0.9609395197792958,0
2021-11-10,0.4311739333547228,0.9498677812669473,0
2021-11-11,-1.1937311954814112,0.6906878887031636,0
2021-11-12,0.23820430948471125,0.7216336262344496,1
2021-11-13,1.3316655710729752,0.8404565456926593,0
2021-11-14,-0.3149547076730461,0.6468002880906688,1
2021-11-15,-0.9201493572678897,0.5247592429332205,0
2021-11-16,-1.5445821292396946,0.5056421053054688,0
2021-11-17,0.5847541803581241,0.20110764619729127,0
2021-11-18,-1.5838494321603673,0.6532907124251225,0
2021-11-19,0.317763196773766,0.7765435305546411,0
2021-11-20,1.1385880306383422,0.5733388965671512,1
2021-11-21,0.7137730481059288,0.40818256768835637,0
2021-11-22,-0.026061474587697454,0.0040599356869628345,0
2021-11-23,0.7113914149462388,0.6561453988200249,0
2021-11-24,-0.4322684302831371,0.764810204592788,0
2021-11-25,0.9354650703881453,0.6858702658038458,0
2021-11-26,0.8996109650073397,0.3413882842690873,0
2021-11-27,-0.006894088999131323,0.3687908713636171,0
2021-11-28,1.519996010145767,0.2814805016524161,0
2021-11-29,0.1401224134014726,0.8653672361163928,0
2021-11-30,0.5369894371035111,0.48711482358514946,0
2021-12-01,1.049660703405913,0.993036597798916,0
2021-12-02,3.1715664144689555,0.6380120702885034,0
2021-12-03,1.2739501853558153,0.4024497888070845,0
2021-12-04,0.07606903019726005,0.19531141427200238,0
2021-12-05,0.9200527713009683,0.7738973998909393,0
2021-12-06,-0.5173844459501511,0.640920129428522,0
2021-12-07,1.5715588325568142,0.26952860890149155,0
2021-12-08,-0.6175772020375956,0.8845690023447181,0
2021-12-09,0.70342494058834,0.8050373180838617,1
2021-12-10,0.8371119468335185,0.4520443047060708,0
2021-12-11,-0.994938326883682,0.5688573050263828,0
2021-12-12,1.8353616153328476,0.01613422795732722,0
2021-12-13,0.752563592701178,0.698588645402649,1
2021-12-14,-0.11916166184938852,0.5036683067326692,0
2021-12-15,1.3190161847774045,0.8057329844027995,0
2021-12-16,-0.20538276348723689,0.6036748945764844,1
2021-12-17,-0.7320771602063253,0.5412947348625716,1
2021-12-18,-1.2310590924298674,0.08247649230425824,0
2021-12-19,-0.49610909122202046,0.6991622357629573,0
2021-12-20,-0.3608108731949987,0.21214374288415727,0
2021-12-21,-0.5411593612331965,0.8892163671710711,0
2021-12-22,0.7784698264257933,0.9339108822578962,1
2021-12-23,-1.1655862091394793,0.1187915485646488,0
2021-12-24,0.11577279254998664,0.24844221340896389,1
2021-12-25,0.6750568990749061,0.8308474555356896,0
2021-12-26,-0.3281340316198022,0.8437038975796836,1
2021-12-27,-0.6512214937113855,0.2556558282476532,0
2021-12-28,-0.6265605930320165,0.10907832015070995,0
2021-12-29,1.842473458594734,0.2974485340972701,0
2021-12-30,0.591470927247462,0.10775631330401703,0
2021-12-31,-0.22625117567964761,0.7651967930649295,0
2022-01-01,0.18003455504803006,0.9601270379125576,0
2022-01-02,-0.3798329891706688,0.29811137017057643,0
2022-01-03,0.2872180359494361,0.5774442550738199,0
2022-01-04,-0.43082280688995195,0.9652490446646854,0
2022-01-05,0.24453952418445912,0.05650729273044419,0
2022-01-06,0.24237286384192805,0.7548254772723019,0
2022-01-07,-0.14598969944915535,0.46392364314669177,0
2022-01-08,0.1048317279543853,0.12417700658875375,1
2022-01-09,0.5257661166615816,0.09072534575779756,0
2022-01-10,-0.25399771664429066,0.5218692479382846,0
2022-01-11,0.4244246016747895,0.32109588116678034,0
2022-01-12,0.0017403122391673777,0.05149941950978709,0
2022-01-13,-0.08301178287919463,0.04789421879694333,1
2022-01-14,0.14227169278868362,0.7143396472155019,0
2022-01-15,-0.2353063870365136,0.9890085344743988,0
2022-01-16,0.4203018714914945,0.326497795916072,1
2022-01-17,-1.1000041734220993,0.10313794428497303,0
2022-01-18,-1.3166918849763873,0.04883110348981179,0
2022-01-19,1.6539893955733163,0.7681212542261314,0
2022-01-20,-0.8994225820284006,0.7530294487041649,1
2022-01-21,-0.9978096963287911,0.4347107308090816,0
2022-01-22,0.7266622809096517,0.7952407683007686,0
2022-01-23,-0.7978687707124223,0.4181488157125507,1
2022-01-24,0.4099305344834891,0.4965839047121662,0
2022-01-25,0.06369967434296113,0.4792034292139967,0
2022-01-26,1.0984771962602027,0.2219601614281964,0
2022-01-27,1.4766347543675216,0.40753700561746653,0
2022-01-28,0.8347267705853987,0.8012722911486637,0
2022-01-29,1.824858872345331,0.26443158460975724,1
2022-01-30,0.07502184124475589,0.3654324443749323,1
2022-01-31,0.29262123661923894,0.5424885432548404,0
2022-02-01,0.8286268448530663,0.3339413170735339,0
2022-02-02,0.32442805870670194,0.1699250004828865,0
2022-02-03,0.47143837127589844,0.10415869868657412,0
2022-02-04,-0.3340301101463569,0.2313030379112918,0
2022-02-05,1.5010728538058884,0.45236235469045805,0
2022-02-06,-0.3906626771746523,0.6914170325213886,0
2022-02-07,-0.6455514443353632,0.7282115905568638,0
2022-02-08,0.2614004686669151,0.8068407557089647,0
2022-02-09,0.5890289093578426,0.45217812908157284,0
2022-02-10,0.8413847992835746,0.5354685182531564,0
2022-02-11,1.5338415402362053,0.0832958253952395,0
2022-02-12,0.5349809502764478,0.6980767626217321,0
2022-02-13,1.2737929625847575,0.1618975420569655,0
2022-02-14,-0.2004695162677439,0.7249407486387502,0
2022-02-15,1.4996956112291466,0.6171187145281206,0
2022-02-16,-0.2500412062808377,0.5699590477817924,0
2022-02-17,0.8247899252148063,0.2675183888038595,0
2022-02-18,1.3530890444494024,0.44721128016266876,1
2022-02-19,0.3868616655921394,0.9119997086374796,0
2022-02-20,-0.6704270412547606,0.8914694756356343,0
2022-02-21,0.5834639438902017,0.4616536219881652,0
2022-02-22,-0.7932218337418564,0.7509564169498645,0
2022-02-23,-0.7285207374924074,0.22794142814295038,0
2022-02-24,-0.8514907242748735,0.27461711045919635,0
2022-02-25,0.9508626123230333,0.8160432322853565,0
2022-02-26,2.140086939617724,0.8700821257261535,0
2022-02-27,-0.9261858892693231,0.4879677807853552,0
2022-02-28,-0.1404348412727446,0.04548753189787691,0
2022-03-01,-0.5716512332179515,0.9412309506022755,0
2022-03-02,-1.1622229049543396,0.582667104875593,0
2022-03-03,-1.2850184656866073,0.3853314546647091,0
2022-03-04,0.8462261780840613,0.2340434051736544,0
2022-03-05,-1.9094224844674645,0.016868918681916423,0
2022-03-06,0.15876034878822437,0.7690885323179418,0
2022-03-07,0.9973988338890211,0.4143108639548444,0
2022-03-08,-1.2477886574884265,0.8416155245488749,0
2022-03-09,0.9381754130057222,0.5404081323104064,0
2022-03-10,-0.15979084181538633,0.4883509661751809,0
2022-03-11,-0.8060315399573719,0.7747820850054138,1
2022-03-12,-0.04793595395744435,0.7835015911321698,0
2022-03-13,0.8867735130586404,0.5326986046415535,0
2022-03-14,-1.9055234589925785,0.2301126939835526,0
2022-03-15,-1.1946662366457383,0.24823008373958244,1
2022-03-16,0.5414517774655344,0.566493409719904,0
2022-03-17,0.14264907203243635,0.1490517411283665,0
2022-03-18,0.20226852425098268,0.6428408428986055,0
2022-03-19,0.893309184089937,0.1700169947950304,1
2022-03-20,-1.2001164201285872,0.30440530032350743,0
2022-03-21,-0.3819677695306014,0.45928424739537,1
2022-03-22,0.2637831519466795,0.043107919611971246,0
2022-03-23,0.47293720411600676,0.012585853102157207,0
2022-03-24,0.3048272722617183,0.95496866499396,0
2022-03-25,-1.2236197440475776,0.2760817959523165,0
2022-03-26,0.5934751085135991,0.012260130413329406,0
2022-03-27,-0.8683578918254962,0.8842761197522875,0
2022-03-28,-2.148364201138221,0.5429961089017599,0
2022-03-29,0.8657547845810553,0.6645728971007825,0
2022-03-30,0.5691911625629978,0.49618838697222,1
2022-03-31,-0.4021033093616336,0.16315924146343042,0
2022-04-01,0.12674754616168207,0.4626005793473129,0
2022-04-02,-0.19348238010308974,0.4091217502809037,0
2022-04-03,1.9902970049855608,0.8125445262029007,0
2022-04-04,-0.4829877780867872,0.692239513998233,1
2022-04-05,-0.6655647951388488,0.548382871353468,0
2022-04-06,-0.277542869279423,0.4630768702465602,0
2022-04-07,-0.3017631359905899,0.09032761683198465,0
2022-04-08,-0.2949812183629227,0.7814986866717206,0
2022-04-09,1.9642636433853018,0.5645601405605988,0
2022-04-10,-0.0899932607745017,0.573820647517414,1
2022-04-11,-0.9149200253174633,0.5064224554932529,0
2022-04-12,0.7878167613548454,0.33876783104894803,1
2022-04-13,-0.9882281738955389,0.09786733576472961,1
2022-04-14,0.6087585598967421,0.7827646253568911,1
2022-04-15,-0.06371953083719967,0.6273282149968085,0
2022-04-16,0.05416833399707995,0.9281501502868976,0
2022-04-17,-0.09265720776386238,0.5674774291526121,1
2022-04-18,-0.2173019217319005,0.734089214017928,0
2022-04-19,0.07000692716116894,0.06390954348202471,1
2022-04-20,0.15099174892622125,0.3818784848957315,1
2022-04-21,-1.4499938793722622,0.7851564669418574,0
2022-04-22,1.1389559334708903,0.8000190330742079,0
2022-04-23,0.3212048281797323,0.32569292010555084,0
2022-04-24,-0.16081167069821953,0.4204154188490685,0
2022-04-25,-0.4264605067522269,0.6596101122651192,0
2022-04-26,0.053484364756090204,0.5526771908833591,0
2022-04-27,-0.49351813994732746,0.9101527345103839,0
2022-04-28,-0.09893510317398678,0.5228364278108697,0
2022-04-29,-0.05611245850728105,0.9848095813517191,0
2022-04-30,0.7707587696446222,0.8191030199164153,0
2022-05-01,-0.28389456155493786,0.7198095828612737,0
2022-05-02,-0.9309100775802577,0.606236226335123,0
2022-05-03,-0.5945522249465058,0.9643855300161238,1
2022-05-04,-0.823169236035777,0.09632448758959289,0
2022-05-05,0.5501808911918239,0.7233445227844352,0
2022-05-06,-0.568497155894318,0.7941748080355969,0
2022-05-07,0.12011240684108958,0.9423910896165639,0
2022-05-08,-1.4066528329439583,0.11170554800276511,0
2022-05-09,0.4046967421019172,0.1857086264311021,0
2022-05-10,-1.3484189301909384,0.37404665232996315,0
2022-05-11,0.6261681189186092,0.8341003661486879,0
2022-05-12,0.566657067413259,0.07651602295937932,0
2022-05-13,0.22778010710726643,0.3710064091941835,1
2022-05-14,1.809513024116353,0.24311470898170207,0
2022-05-15,-0.5326374864690422,0.27570652045815947,0
2022-05-16,-0.27233536451749873,0.052194043250655464,0
2022-05-17,0.8805746642623251,0.019410043044509995,0
2022-05-18,-0.7133310412157869,0.6977332704573568,0
2022-05-19,-0.8077904023465162,0.8544068669961282,0
2022-05-20,0.7476650987558321,0.8567563931002309,0
2022-05-21,-1.0601725523972603,0.5674863318860771,0
2022-05-22,0.498080867298452,0.3428972812025225,0
2022-05-23,-0.7917569208617538,0.9721984206892146,0
2022-05-24,0.21216782798313516,0.30873253138490053,0
2022-05-25,1.0526867627356264,0.8824031432790211,0
2022-05-26,0.44820852477268003,0.9371723992911374,0
2022-05-27,-0.7117885705299853,0.47739511934015144,0
2022-05-28,1.6131564650787167,0.017726959740399506,0
2022-05-29,-0.2576505409463681,0.5844228819683484,0
2022-05-30,-0.5782550552963323,0.3239382100730799,0
2022-05-31,0.6576960953622722,0.7062629691171544,0
2022-06-01,1.5434422738009044,0.2541961128846968,0
2022-06-02,0.335609657136092,0.49237125264258474,0
2022-06-03,1.375579156222327,0.8056913871830051,0
2022-06-04,-0.022003553396867073,0.752373258746167,0
2022-06-05,0.9934242714838957,0.2915697111472567,0
2022-06-06,-0.7297086206135965,0.07235308816446828,1
2022-06-07,0.3642722147493391,0.3670715229550955,0
2022-06-08,-0.22823285238556354,0.5154236795056646,0
2022-06-09,-1.9941485147834022,0.9250137035357469,0
2022-06-10,-0.8202088035742905,0.5306509177853294,1
2022-06-11,0.8255214741762403,0.3076237190368041,0
2022-06-12,-0.3798333598532445,0.8817671801982562,0
2022-06-13,1.0525144897638383,0.3719946311198066,0
2022-06-14,1.1336407761734022,0.12542833875432513,1
2022-06-15,-1.5121447535097579,0.4346925271636236,0
2022-06-16,1.391713081006194,0.7503051045121938,1
2022-06-17,1.1838783746940262,0.6463345795515991,0
2022-06-18,-0.2892795723223348,0.5967525302148314,0
2022-06-19,0.4173476907659763,0.7978951666657376,1
2022-06-20,0.038078372541456865,0.34942557157066423,0
2022-06-21,0.8241051461658776,0.2811403435348737,0
2022-06-22,0.3098046788262559,0.14437777211664393,1
2022-06-23,0.806497427278826,0.6913701032472922,0
2022-06-24,-1.0843556641189558,0.3605843648916489,1
2022-06-25,0.9255738882963374,0.5455205140581602,0
2022-06-26,0.8747378122969991,0.1419815044352677,0
2022-06-27,-0.6413807010921682,0.7005105760698557,1
2022-06-28,-0.4712028956874472,0.8702313493937351,0
2022-06-29,0.12835909859249572,0.6435201586255006,1
2022-06-30,0.37756875598902684,0.35282072244238905,0
2022-07-01,0.9812645806086175,0.3582667960085919,0
2022-07-02,-0.7982799425689685,0.8182908656325599,0
2022-07-03,1.740198407770891,0.9668906509616157,1
2022-07-04,-0.20548088411606522,0.08990498142963788,0
2022-07-05,-1.566654457445486,0.8900699658373132,0
2022-07-06,-0.18687211740499415,0.5167376196850921,0
2022-07-07,0.3423101009132439,0.6264944748326988,0
2022-07-08,-0.37427489976368894,0.9123728992443245,0
2022-07-09,0.6509310225689697,0.691058563565443,0
2022-07-10,0.5766937711974535,0.36715840217338724,1
2022-07-11,0.062439684589781434,0.3200794070431515,1
2022-07-12,-0.9195199310084591,0.789774749294253,0
2022-07-13,0.5284263273585589,0.988376530096848,0
2022-07-14,0.7190741946494897,0.26188472469951907,0
2022-07-15,1.3859097704511494,0.16874092346966874,0
2022-07-16,-0.018566175721711393,0.19487378336329775,0
2022-07-17,-0.3279111757810647,0.7645796239455943,1
2022-07-18,0.10432234188640095,0.603238672216516,0
2022-07-19,0.7432188474184728,0.4166743897775612,1
2022-07-20,-0.3912108148099385,0.1645099927688083,1
2022-07-21,-0.9951350719184611,0.34132086269110273,1
2022-07-22,-0.09752439728145763,0.3645209894978463,0
2022-07-23,0.8613415301692707,0.893319350578936,0
2022-07-24,0.11270989957456914,0.7594286393978962,0
2022-07-25,1.315946914606752,0.2849714238942095,0
2022-07-26,-0.5805324293707671,0.4525968816008695,0
2022-07-27,-0.06839927527571726,0.6670028030612968,0
2022-07-28,1.160584860392683,0.6365161604784509,0
2022-07-29,0.2762358147890995,0.9037216960943444,0
2022-07-30,-0.5896507683004516,0.8698436307857231,1
2022-07-31,0.9737680498390706,0.565135094680491,0
2022-08-01,1.1261968089314196,0.36325304182383045,0
2022-08-02,-0.17452339952417995,0.0759667012827524,1
2022-08-03,-0.6552159538620426,0.5902036453493712,0
2022-08-04,-0.06474550812745908,0.7199671188343914,0
2022-08-05,-0.3623081963053132,0.4745431515819454,0
2022-08-06,-1.3936959328615628,0.8549971531443882,0
2022-08-07,1.174818613779305,0.4825064985342221,0
2022-08-08,-1.0278945393582248,0.28765877565035614,0
2022-08-09,-0.10929971624422175,0.27390515073173105,0
2022-08-10,0.5898082954090834,0.993673444423034,0
2022-08-11,-0.8674428362120689,0.20739568914705486,0
2022-08-12,1.9094393458505654,0.10966928374432128,0
2022-08-13,0.16247980946550777,0.9804269134999836,1
2022-08-14,-0.7560021484666951,0.5093404538122033,0
2022-08-15,2.3571658504168074,0.4965834217338785,0
2022-08-16,0.9343481903624254,0.9734657940560806,0
2022-08-17,0.8030661245270235,0.7199792333246147,1
2022-08-18,0.42180471797878394,0.6029836721131129,0
2022-08-19,-0.6383525254079163,0.09826930483926166,0
2022-08-20,0.18807180543447635,0.22382342701676916,1
2022-08-21,1.719452279413058,0.6115243766128083,1
2022-08-22,-0.8437837627881243,0.7495692825040933,0
2022-08-23,-0.06533010671281789,0.9442306323062357,1
2022-08-24,0.23767340821767513,0.1494133111908681,0
2022-08-25,-0.6655539057942638,0.35959414591244654,0
2022-08-26,-0.41272857718794287,0.6180209230137422,0
2022-08-27,1.4896816989289865,0.019101064859966876,0
2022-08-28,-0.700932707447207,0.1569056663057926,0
2022-08-29,-0.9394673460590384,0.3998256103016373,0
2022-08-30,-0.34915378550245996,0.5535777352199026,0
2022-08-31,0.3032969875258817,0.11242549671588786,0
2022-09-01,0.6783679483768624,0.021242838882694626,0
2022-09-02,-0.7198266495539544,0.5029699835201902,0
2022-09-03,-0.32783801645744054,0.29897049616131266,0
2022-09-04,0.3208935343264877,0.8330771650479704,0
2022-09-05,-1.2233337934635224,0.41563122084088455,0
2022-09-06,2.2778080440330624,0.6756183688294173,0
2022-09-07,0.9134104320495255,0.6550332445445409,0
2022-09-08,0.500849967147321,0.4292711310362086,0
2022-09-09,0.23902908602354822,0.8245641579774547,0
2022-09-10,0.3060821621952425,0.7205337492271268,0
2022-09-11,1.0190783457254369,0.5941252051876449,1
2022-09-12,-0.2086812407629155,0.9907377695270774,0
2022-09-13,1.9227778649840108,0.5370153281243742,0
2022-09-14,0.39241188028051693,0.44111200020778984,0
2022-09-15,-0.878579385278278,0.17453183927138272,1
2022-09-16,0.1658933139461983,0.8692680158912423,0
2022-09-17,-1.9347623078115428,0.3861430469783278,1
2022-09-18,-0.2827418502718812,0.8194830129774423,0
2022-09-19,0.8524083081708619,0.18699810836536912,0
2022-09-20,-1.4264844971736466,0.09213992133374438,0
2022-09-21,-1.2161243726411917,0.08553993362790757,0
2022-09-22,-1.002334013781328,0.6348350343607145,0
2022-09-23,-0.43836750749115466,0.08774335411611967,0
2022-09-24,0.47558346999963297,0.171452976806019,0
2022-09-25,-0.8679751250196291,0.12108327964000176,0
2022-09-26,-1.177540130835488,0.7298707203994902,0
